TEAM_ID,Season,TARGET_WIN_PCT,MADE_PLAYOFFS,ADV_ROUND1,MIN,FGM,FGA,FG_PCT,FG3M,FG3A,FG3_PCT,FTM,FTA,FT_PCT,OREB,DREB,REB,AST,TOV,STL,BLK,BLKA,PF,PFD,PTS,AVAILABLE_FLAG
1610612739,2015-16,0.695,1.0,0.0,46.6,35.75,78.2,0.4565,9.35,26.05,0.35355,17.25,24.4,0.7036,9.9,34.05,43.95,21.6,15.2,5.9,4.35,4.85,22.25,21.9,98.1,1.0
1610612744,2015-16,0.89,1.0,0.0,45.85,37.75,82.8,0.4538,10.25,26.35,0.3825499999999999,17.95,24.7,0.7342000000000001,11.3,33.15,44.45,24.7,15.45,8.55,5.4,5.1,21.7,23.5,103.7,1.0
1610612759,2015-16,0.817,1.0,0.0,44.0,33.8,76.9,0.4357499999999999,6.1,18.9,0.32665,16.65,22.05,0.76675,9.35,33.25,42.6,18.85,15.0,8.45,5.9,4.9,20.7,20.55,90.35,1.0
1610612761,2015-16,0.683,1.0,0.0,46.0,33.85,78.85,0.42855,6.5,20.3,0.30715,22.0,28.5,0.76945,11.85,33.65,45.5,16.85,15.9,8.9,4.6,5.8,22.35,24.1,96.2,1.0
1610612760,2015-16,0.671,1.0,0.0,46.85,38.35,83.0,0.4606,7.3,21.45,0.3349499999999999,18.05,24.05,0.7523000000000001,13.1,31.5,44.6,20.55,16.9,7.9,6.3,4.95,23.25,20.85,102.05,1.0
1610612748,2015-16,0.585,1.0,0.0,44.1,32.0,73.95,0.4307999999999999,6.0,19.7,0.30605,17.25,23.4,0.74215,10.35,30.0,40.35,16.7,15.1,7.3,6.15,4.75,22.05,21.8,87.25,1.0
1610612746,2015-16,0.646,1.0,0.0,46.45,36.35,79.7,0.4553999999999999,6.55,21.35,0.3006,18.2,26.8,0.66785,9.75,30.3,40.05,19.9,13.9,8.2,6.05,3.25,23.0,23.55,97.45,1.0
1610612737,2015-16,0.585,1.0,0.0,45.2,34.95,77.15,0.45175,7.95,23.45,0.33175,14.8,19.3,0.7791,8.15,31.3,39.45,22.1,16.8,9.7,5.45,4.95,20.1,19.7,92.65,1.0
1610612738,2015-16,0.585,1.0,0.0,44.8,34.4,81.55,0.4197,8.4,26.95,0.31675,19.35,24.45,0.7944,11.15,30.15,41.3,20.6,13.85,10.4,4.8,4.65,21.5,23.1,96.55,1.0
1610612757,2015-16,0.537,1.0,0.0,45.85,35.25,78.7,0.4493,8.55,24.15,0.3496,15.6,21.75,0.7226999999999999,9.9,32.55,42.45,18.45,15.6,6.4,4.65,5.15,22.7,19.9,94.65,1.0
1610612742,2015-16,0.512,1.0,0.0,45.6,35.45,81.0,0.4378499999999999,7.9,26.15,0.3135499999999999,18.75,24.2,0.78115,8.35,33.3,41.65,20.05,13.5,7.55,3.4,4.85,21.65,23.7,97.55,1.0
1610612766,2015-16,0.585,1.0,0.0,46.25,35.4,79.7,0.4425,9.3,25.9,0.35905,16.3,21.15,0.7811,8.3,34.0,42.3,19.95,13.45,6.95,5.6,3.95,17.85,21.2,96.4,1.0
1610612754,2015-16,0.549,1.0,0.0,46.0,34.95,79.7,0.43765,9.0,22.8,0.3849999999999999,16.3,22.65,0.72815,10.1,30.1,40.2,19.75,15.75,8.8,4.6,4.65,19.95,22.05,95.2,1.0
1610612763,2015-16,0.512,1.0,0.0,46.75,32.35,77.4,0.4203,5.25,16.9,0.3003,21.65,26.45,0.8161999999999999,9.8,28.9,38.7,19.3,13.95,9.65,3.35,6.05,22.9,23.9,91.6,1.0
1610612745,2015-16,0.5,1.0,0.0,46.5,34.6,83.0,0.4184,8.3,28.8,0.27895,22.05,30.4,0.72005,12.3,30.9,43.2,19.25,16.3,10.45,5.3,6.15,23.1,25.2,99.55,1.0
1610612765,2015-16,0.537,1.0,0.0,46.25,34.25,82.55,0.4157,7.55,24.0,0.3123,15.8,22.5,0.7094,12.85,32.0,44.85,16.0,14.15,7.65,3.65,4.0,19.7,21.55,91.85,1.0
1610612741,2015-16,0.512,0.0,0.0,46.1,34.9,82.6,0.4246,8.15,22.4,0.36605,16.35,21.85,0.7463,9.6,35.4,45.0,20.1,14.7,6.45,5.6,5.8,21.15,19.55,94.3,1.0
1610612762,2015-16,0.488,0.0,0.0,44.9,32.6,77.45,0.4204499999999999,6.55,19.75,0.32715,18.8,25.55,0.73555,11.0,30.1,41.1,16.35,14.15,8.45,5.2,5.2,22.15,23.0,90.55,1.0
1610612764,2015-16,0.5,0.0,0.0,45.6,33.7,79.45,0.42605,7.2,22.65,0.31015,19.85,26.0,0.7642,10.5,31.25,41.75,19.5,16.7,8.65,3.9,4.4,21.25,22.45,94.45,1.0
1610612758,2015-16,0.402,0.0,0.0,46.35,36.55,82.05,0.4426500000000001,7.5,21.9,0.34425,16.45,23.35,0.7016500000000001,10.7,32.7,43.4,22.5,18.85,8.55,4.45,5.25,22.1,21.25,97.05,1.0
1610612743,2015-16,0.402,0.0,0.0,46.0,35.95,82.4,0.4392,7.55,23.15,0.3221,17.25,23.05,0.7501,11.3,30.85,42.15,20.7,15.25,7.8,4.9,6.15,21.1,22.55,96.7,1.0
1610612753,2015-16,0.427,0.0,0.0,49.0,38.95,89.35,0.4373,8.15,23.3,0.35065,15.55,20.05,0.76895,12.15,34.4,46.55,22.35,14.55,8.0,5.9,6.7,22.1,18.4,101.6,1.0
1610612749,2015-16,0.402,0.0,0.0,46.2,34.55,77.2,0.4485,6.55,17.9,0.3708999999999999,17.4,22.7,0.77025,10.2,27.05,37.25,20.6,16.5,7.65,5.1,4.85,23.35,21.5,93.05,1.0
1610612740,2015-16,0.366,0.0,0.0,45.6,37.15,82.05,0.4545499999999999,8.85,25.85,0.34155,16.5,21.1,0.7903499999999999,8.2,30.95,39.15,20.5,13.65,8.25,5.0,4.35,21.4,20.2,99.65,1.0
1610612750,2015-16,0.354,0.0,0.0,46.5,34.4,79.1,0.4349,4.75,15.7,0.29925,21.65,27.6,0.7897000000000001,9.45,33.0,42.45,18.5,15.35,7.25,4.3,5.6,23.1,23.4,95.2,1.0
1610612752,2015-16,0.39,0.0,0.0,46.1,33.25,80.85,0.4107,6.7,20.9,0.3189,18.75,23.45,0.7977000000000001,11.35,31.65,43.0,18.15,14.55,7.15,5.55,4.15,23.4,20.7,91.95,1.0
1610612751,2015-16,0.256,0.0,0.0,43.6,31.1,77.25,0.3996,5.75,19.1,0.2978,13.7,19.35,0.70545,11.6,29.55,41.15,16.3,15.45,7.3,5.0,5.25,21.05,20.85,81.65,1.0
1610612756,2015-16,0.28,0.0,0.0,45.2,37.15,82.65,0.4521,9.2,23.75,0.3818,18.05,24.05,0.748,10.35,33.4,43.75,18.0,16.4,8.5,4.35,4.3,22.45,22.6,101.55,1.0
1610612747,2015-16,0.207,0.0,0.0,46.0,32.25,78.85,0.40885,6.95,23.25,0.29635,19.35,25.1,0.76585,8.7,32.7,41.4,16.25,15.15,6.95,4.9,4.6,22.9,20.1,90.8,1.0
1610612755,2015-16,0.122,0.0,0.0,45.0,31.45,77.15,0.4072,6.85,22.65,0.30165,14.85,22.15,0.6764500000000001,10.55,32.3,42.85,16.15,18.95,6.9,5.95,6.65,23.1,20.2,84.6,1.0
1610612744,2016-17,0.817,1.0,0.0,45.6,37.95,82.7,0.4555,10.0,29.5,0.3341999999999999,17.75,22.4,0.7793,9.7,31.95,41.65,25.8,14.95,9.9,5.35,4.45,19.85,20.45,103.65,1.0
1610612738,2016-17,0.646,1.0,0.0,44.8,33.9,77.4,0.4366499999999999,9.45,27.1,0.34805,19.15,25.95,0.7386,9.95,29.95,39.9,19.2,14.5,7.9,4.2,5.15,22.75,23.7,96.4,1.0
1610612759,2016-17,0.744,1.0,0.0,44.9,34.5,77.15,0.44805,7.6,20.6,0.36455,17.35,21.4,0.8051499999999999,9.65,31.0,40.65,18.4,13.2,8.5,5.4,4.05,19.75,19.55,93.95,1.0
1610612739,2016-17,0.622,1.0,0.0,45.3,35.75,80.5,0.4434999999999999,11.35,30.15,0.36755,19.3,25.95,0.74375,10.45,33.5,43.95,19.1,14.2,6.9,5.85,4.95,20.3,22.9,102.15,1.0
1610612761,2016-17,0.622,1.0,0.0,46.25,36.65,80.65,0.45275,8.2,23.5,0.3417,20.1,25.5,0.7813,10.6,30.8,41.4,18.15,12.9,8.95,4.65,4.4,22.1,21.5,101.6,1.0666666666666669
1610612745,2016-17,0.671,1.0,0.0,46.0,36.75,81.4,0.45045,12.35,34.25,0.3589,15.2,20.95,0.7292,11.25,31.55,42.8,22.75,16.9,7.0,4.65,4.65,21.1,18.55,101.05,1.0
1610612746,2016-17,0.622,1.0,0.0,46.1,35.9,77.7,0.4620499999999999,8.0,22.1,0.3374000000000001,21.35,28.5,0.74455,8.75,32.9,41.65,20.25,14.4,9.05,4.8,2.95,22.2,24.85,101.15,1.0
1610612764,2016-17,0.598,1.0,0.0,46.25,36.55,82.15,0.4455,7.6,22.7,0.32975,16.4,22.0,0.7508000000000001,10.9,30.4,41.3,19.2,14.2,8.25,3.7,4.9,21.6,21.1,97.1,1.0
1610612737,2016-17,0.524,1.0,0.0,45.6,35.85,78.05,0.45675,8.55,24.65,0.34425,16.55,23.45,0.7070000000000001,10.25,33.05,43.3,22.35,17.9,9.8,5.35,4.2,18.0,21.85,96.8,1.0
1610612762,2016-17,0.622,1.0,0.0,44.6,32.2,74.05,0.4322999999999999,8.65,24.0,0.36805,15.9,21.65,0.7339,8.45,31.4,39.85,16.2,13.8,6.6,3.9,4.75,19.9,20.4,88.95,1.0
1610612760,2016-17,0.573,1.0,0.0,46.5,37.2,83.8,0.4423000000000001,8.1,23.95,0.34075,17.45,24.4,0.72485,10.95,33.1,44.05,20.35,16.15,8.25,4.4,5.8,20.85,21.75,99.95,1.0
1610612749,2016-17,0.512,1.0,0.0,46.25,36.45,83.8,0.4354,8.0,25.05,0.31955,15.4,20.3,0.7507499999999999,11.0,32.6,43.6,21.5,13.65,8.55,4.7,5.5,22.2,19.15,96.3,1.0
1610612754,2016-17,0.512,1.0,0.0,47.0,37.7,82.8,0.4580499999999999,7.55,21.1,0.3538,15.25,20.35,0.75105,9.5,32.45,41.95,21.45,16.1,8.65,5.9,5.1,20.4,19.85,98.2,1.0
1610612763,2016-17,0.524,1.0,0.0,47.0,33.2,79.2,0.41965,8.0,25.1,0.31495,19.5,25.45,0.7655000000000001,10.25,30.45,40.7,17.75,15.05,8.8,5.0,5.35,24.55,23.1,93.9,1.0
1610612757,2016-17,0.5,1.0,0.0,46.95,36.2,82.25,0.4397999999999999,10.05,29.4,0.3404999999999999,17.95,23.15,0.7738,8.2,32.25,40.45,19.2,14.35,7.05,4.8,4.0,22.7,20.4,100.4,1.0
1610612741,2016-17,0.5,1.0,0.0,45.3,35.5,82.95,0.4276000000000001,6.95,21.9,0.3168499999999999,18.6,22.75,0.81555,13.55,32.1,45.65,18.8,12.95,7.75,3.9,4.7,18.75,19.45,96.55,1.0
1610612743,2016-17,0.488,0.0,0.0,46.6,36.15,83.65,0.4344499999999999,7.85,23.5,0.33405,20.15,27.15,0.74725,12.75,35.4,48.15,18.95,15.55,6.75,4.2,5.15,20.85,23.35,100.3,1.0
1610612748,2016-17,0.5,0.0,0.0,43.85,30.95,75.55,0.40725,8.5,23.95,0.33995,14.1,20.0,0.70935,9.4,28.05,37.45,16.75,13.8,9.0,4.65,3.95,21.05,20.25,84.5,1.0
1610612740,2016-17,0.415,0.0,0.0,46.75,35.8,82.6,0.4319,7.35,23.9,0.2995500000000001,16.4,21.3,0.7696999999999999,8.1,33.65,41.75,21.05,13.8,7.85,6.6,4.0,20.05,20.1,95.35,1.0
1610612765,2016-17,0.451,0.0,0.0,46.1,34.8,81.7,0.42325,6.2,20.0,0.3168499999999999,16.25,21.25,0.7622,9.95,32.8,42.75,17.8,12.5,7.85,3.7,5.15,16.95,18.2,92.05,1.0666666666666669
1610612766,2016-17,0.439,0.0,0.0,46.5,35.9,82.8,0.4333499999999999,9.6,28.25,0.33865,18.15,24.3,0.75135,9.85,34.25,44.1,21.65,12.45,6.8,5.3,4.9,18.55,22.45,99.55,1.0
1610612742,2016-17,0.402,0.0,0.0,44.1,32.5,78.2,0.4165,8.55,26.85,0.3252,14.8,19.5,0.7724499999999999,11.1,28.85,39.95,16.35,15.15,8.5,4.05,4.15,23.2,20.95,88.35,1.0
1610612758,2016-17,0.39,0.0,0.0,46.6,33.7,77.15,0.43295,7.35,20.5,0.3631,18.7,24.55,0.7592500000000001,8.9,30.75,39.65,18.95,16.0,7.15,3.7,5.25,22.55,22.0,93.45,1.0
1610612752,2016-17,0.378,0.0,0.0,46.35,37.15,83.85,0.43985,8.1,23.25,0.3448999999999999,14.4,19.1,0.76505,11.7,31.3,43.0,20.25,15.85,8.55,4.75,4.25,21.75,18.55,96.8,1.0
1610612753,2016-17,0.354,0.0,0.0,48.0,35.05,84.25,0.41655,7.95,24.6,0.32635,14.95,20.75,0.73065,10.55,34.35,44.9,20.5,13.7,6.35,5.65,6.05,17.95,18.9,93.0,1.0
1610612750,2016-17,0.378,0.0,0.0,44.9,34.3,77.6,0.441,8.4,23.1,0.3604,18.75,25.6,0.7399,11.25,28.05,39.3,19.25,14.4,7.4,4.1,5.1,21.8,22.8,95.75,1.0
1610612755,2016-17,0.341,0.0,0.0,44.9,33.55,77.4,0.4322999999999999,8.65,26.1,0.32515,15.15,20.65,0.7307,8.65,31.15,39.8,19.1,16.65,8.3,5.7,5.25,21.55,20.25,90.9,1.0
1610612747,2016-17,0.317,0.0,0.0,46.0,37.85,81.9,0.4611,9.35,26.0,0.36015,17.4,22.6,0.777,10.4,31.65,42.05,19.65,15.85,8.3,4.65,4.25,20.95,19.05,102.45,1.0
1610612756,2016-17,0.293,0.0,0.0,46.45,36.9,84.15,0.4382499999999999,6.95,22.2,0.31615,19.4,26.1,0.7410500000000001,11.2,32.85,44.05,17.75,15.45,9.15,3.7,5.8,26.75,22.65,100.15,1.0
1610612751,2016-17,0.244,0.0,0.0,46.1,35.2,81.45,0.43365,10.0,30.85,0.3228499999999999,18.55,23.9,0.7765500000000001,9.4,32.95,42.35,19.05,17.4,8.3,4.75,5.6,20.35,22.15,98.95,1.0
1610612745,2017-18,0.793,1.0,0.0,46.1,35.75,79.95,0.4457,13.75,40.75,0.33555,21.05,26.8,0.7887500000000001,9.9,32.9,42.8,20.75,16.6,9.3,5.1,4.45,22.9,22.4,106.3,1.0666666666666669
1610612761,2017-18,0.72,1.0,0.0,46.1,38.35,80.25,0.47835,9.95,30.05,0.33175,18.4,23.2,0.8011499999999998,8.7,31.8,40.5,21.2,15.0,8.05,5.5,4.4,22.35,20.55,105.05,1.2
1610612738,2017-18,0.671,1.0,0.0,44.8,33.9,77.45,0.4378499999999999,9.5,26.85,0.35085,16.75,23.1,0.72675,9.45,35.8,45.25,18.95,16.25,7.9,4.4,4.8,20.25,21.5,94.05,1.1666666666666667
1610612744,2017-18,0.707,1.0,0.0,45.95,39.75,81.2,0.48635,11.45,29.6,0.37995,17.65,22.75,0.7795,9.3,34.4,43.7,26.2,16.7,8.8,8.05,4.7,21.7,19.1,108.6,1.1538461538461535
1610612757,2017-18,0.598,1.0,0.0,45.05,34.85,81.6,0.4256,8.7,23.9,0.36385,18.85,24.1,0.7770999999999999,12.1,32.5,44.6,16.8,15.6,7.8,4.8,6.05,22.0,23.4,97.25,1.25
1610612755,2017-18,0.634,1.0,0.0,44.8,37.1,83.7,0.44205,11.45,31.15,0.3666,15.75,22.3,0.7081999999999999,11.25,31.75,43.0,22.25,17.6,9.45,4.35,5.9,25.15,21.65,101.4,1.0833333333333333
1610612739,2017-18,0.61,1.0,0.0,46.2,37.35,82.6,0.4522,9.6,28.25,0.33135,19.75,24.95,0.7939,9.95,33.1,43.05,19.5,15.6,7.6,4.85,4.6,20.55,23.85,104.05,1.2
1610612760,2017-18,0.585,1.0,0.0,46.0,35.85,80.35,0.44605,10.35,28.6,0.3662500000000001,16.5,22.75,0.70405,10.5,29.9,40.4,20.25,14.9,9.1,4.95,4.35,22.05,20.9,98.55,1.1333333333333333
1610612754,2017-18,0.585,1.0,0.0,46.0,39.0,82.65,0.4716,9.1,24.65,0.37045,15.45,20.5,0.7488,9.5,32.1,41.6,21.4,14.45,6.7,4.05,5.3,20.45,20.45,102.55,1.2
1610612762,2017-18,0.585,1.0,0.0,45.15,33.0,78.6,0.42135,8.65,26.45,0.32355,15.75,20.0,0.77595,9.3,30.7,40.0,17.3,16.5,9.45,6.0,5.15,20.85,20.2,90.4,1.1666666666666667
1610612748,2017-18,0.537,1.0,0.0,44.65,32.5,77.15,0.41705,9.65,28.7,0.3321,15.7,21.1,0.7427499999999999,8.6,30.2,38.8,16.8,15.95,7.25,5.0,4.1,23.35,23.05,90.35,1.1111111111111112
1610612740,2017-18,0.585,1.0,0.0,45.85,37.65,81.25,0.4632500000000001,9.25,27.35,0.3339499999999999,16.55,22.2,0.7464000000000001,9.25,34.1,43.35,21.3,16.0,7.65,4.7,4.5,20.05,21.05,101.1,1.2307692307692308
1610612759,2017-18,0.573,1.0,0.0,44.8,34.95,80.35,0.43875,8.5,24.6,0.3416499999999999,16.3,21.1,0.7742,10.95,30.75,41.7,18.95,15.1,7.85,5.1,4.5,19.7,21.45,94.7,1.1666666666666667
1610612749,2017-18,0.537,1.0,0.0,46.0,36.0,79.15,0.45265,9.25,25.9,0.3541,14.2,19.45,0.7299,7.15,30.45,37.6,20.55,14.05,7.95,5.35,4.05,22.3,18.65,95.45,1.2
1610612764,2017-18,0.524,1.0,0.0,46.25,36.35,80.85,0.4485,8.7,24.95,0.34645,20.95,26.85,0.78325,9.9,32.15,42.05,19.4,15.6,8.0,4.8,4.6,22.4,23.25,102.35,1.1333333333333333
1610612750,2017-18,0.573,1.0,0.0,46.6,36.8,83.3,0.44155,8.7,24.45,0.3587999999999999,18.3,23.35,0.7705,10.95,31.1,42.05,20.7,14.55,9.2,3.7,5.85,18.75,21.55,100.6,1.2666666666666666
1610612765,2017-18,0.476,0.0,0.0,46.7,38.05,83.85,0.45445,10.7,28.0,0.38285,13.95,18.45,0.7453,11.15,31.05,42.2,20.95,14.2,8.0,3.9,4.85,19.1,19.5,100.75,1.0666666666666669
1610612743,2017-18,0.561,0.0,0.0,45.6,37.2,83.0,0.4475999999999999,9.55,27.35,0.3450499999999999,15.5,21.15,0.7349500000000001,10.65,31.55,42.2,21.0,16.05,8.55,4.4,5.05,18.95,20.05,99.45,1.0714285714285714
1610612766,2017-18,0.439,0.0,0.0,46.0,35.7,80.8,0.44065,8.5,24.45,0.34255,19.3,27.0,0.7206,9.65,34.35,44.0,17.65,13.05,6.4,3.9,4.25,19.4,22.6,99.2,1.2666666666666666
1610612746,2017-18,0.512,0.0,0.0,46.35,37.55,82.85,0.4554499999999999,9.75,27.4,0.3577499999999999,18.15,24.6,0.74115,11.2,32.95,44.15,19.4,15.1,7.45,4.8,5.6,22.95,22.5,103.0,1.1333333333333333
1610612747,2017-18,0.427,0.0,0.0,45.15,38.3,82.05,0.47035,8.45,25.1,0.33745,17.7,24.2,0.7393,8.65,34.55,43.2,21.7,16.95,7.75,5.75,4.7,22.6,22.35,102.75,1.25
1610612752,2017-18,0.354,0.0,0.0,46.0,37.15,80.8,0.4606,9.15,24.75,0.36165,15.15,19.0,0.7982500000000001,10.45,32.35,42.8,21.8,16.3,6.65,4.6,5.05,21.1,20.75,98.6,1.2666666666666666
1610612758,2017-18,0.329,0.0,0.0,45.6,34.25,81.2,0.42175,7.5,22.05,0.33145,14.0,19.65,0.7239,9.7,30.1,39.8,17.6,14.8,7.55,4.05,4.15,21.05,20.45,90.0,1.2857142857142858
1610612751,2017-18,0.341,0.0,0.0,46.0,37.4,85.65,0.4365,10.4,31.4,0.32815,19.9,27.35,0.7208,9.75,35.1,44.85,20.0,15.3,7.85,4.55,5.15,21.5,22.5,105.1,1.1333333333333333
1610612742,2017-18,0.293,0.0,0.0,43.7,32.95,77.1,0.4302,10.45,29.35,0.3568999999999999,16.25,22.15,0.7382500000000001,9.1,28.6,37.7,17.65,13.65,9.05,3.55,4.35,19.7,22.1,92.6,1.3333333333333333
1610612741,2017-18,0.329,0.0,0.0,46.25,33.95,83.75,0.4038499999999999,10.7,32.2,0.3319999999999999,12.35,16.2,0.7562500000000001,9.45,33.05,42.5,19.75,15.2,7.1,3.7,3.35,18.85,16.5,90.95,1.2
1610612753,2017-18,0.305,0.0,0.0,46.0,37.45,81.1,0.4612999999999999,10.3,27.25,0.3713,16.0,21.2,0.7574499999999998,8.0,31.5,39.5,22.55,15.05,8.3,4.75,4.45,21.1,19.75,101.2,1.2666666666666666
1610612763,2017-18,0.268,0.0,0.0,45.9,35.15,78.95,0.4460999999999999,8.2,25.35,0.31535,19.8,25.8,0.76625,9.1,31.3,40.4,17.85,14.4,8.35,5.15,5.3,23.8,23.0,98.3,1.2142857142857142
1610612756,2017-18,0.256,0.0,0.0,45.6,36.25,82.75,0.43875,8.3,25.65,0.3255,21.2,28.25,0.7489999999999999,10.45,32.9,43.35,16.6,16.7,7.4,5.45,4.7,24.85,24.9,102.0,1.2142857142857142
1610612737,2017-18,0.293,0.0,0.0,46.0,36.95,82.9,0.4464500000000001,9.4,25.15,0.3609,15.75,20.65,0.77505,9.8,31.5,41.3,20.75,16.1,9.2,3.9,5.0,21.65,21.45,99.05,1.1333333333333333
1610612744,2018-19,0.695,1.0,0.0,44.8,38.25,83.45,0.4528,10.85,30.5,0.3559,15.7,19.8,0.7978,9.85,33.8,43.65,24.15,13.95,9.05,5.95,4.1,23.15,19.6,103.05,1.0
1610612749,2018-19,0.732,1.0,0.0,46.35,41.5,87.45,0.47395,13.3,37.05,0.3511499999999999,15.55,20.35,0.74375,10.05,38.75,48.8,24.6,15.7,6.75,6.35,5.15,19.6,20.6,111.85,1.0
1610612743,2018-19,0.659,1.0,0.0,46.25,38.9,84.9,0.4563,8.85,26.9,0.32405,16.15,21.85,0.73915,11.5,33.65,45.15,23.6,14.25,8.85,4.25,5.95,21.25,20.95,102.8,1.0
1610612761,2018-19,0.707,1.0,0.0,45.7,39.5,86.15,0.458,11.65,34.2,0.34995,16.05,20.5,0.7850500000000001,10.65,32.95,43.6,22.55,14.2,8.1,5.85,5.0,23.25,20.75,106.7,1.0
1610612757,2018-19,0.646,1.0,0.0,45.45,39.3,85.1,0.4636999999999999,10.65,28.4,0.3794499999999999,18.6,22.4,0.81525,11.5,36.9,48.4,19.15,14.5,6.7,5.05,5.25,20.65,21.8,107.85,1.0
1610612755,2018-19,0.622,1.0,0.0,46.35,36.55,85.0,0.4286500000000001,10.5,32.65,0.31675,19.5,25.7,0.7476499999999999,11.05,35.8,46.85,23.3,16.4,7.45,6.2,5.55,24.35,22.75,103.1,1.0
1610612745,2018-19,0.646,1.0,0.0,46.0,35.65,82.95,0.4319499999999999,13.5,40.2,0.33675,18.15,25.25,0.7213499999999999,10.15,30.8,40.95,19.55,15.05,8.65,6.7,4.8,23.3,22.35,102.95,1.0
1610612738,2018-19,0.598,1.0,0.0,45.85,36.5,84.55,0.43245,11.55,32.85,0.3441,14.35,18.55,0.7761500000000001,10.0,34.0,44.0,21.75,13.15,7.25,4.95,3.65,20.15,18.95,98.9,1.0
1610612754,2018-19,0.585,1.0,0.0,46.0,39.1,82.9,0.4727,8.85,24.35,0.3591,15.9,22.45,0.7158,8.85,31.45,40.3,20.8,14.05,9.5,5.25,5.45,20.95,21.25,102.95,1.0
1610612762,2018-19,0.61,1.0,0.0,44.8,36.85,80.4,0.4585499999999999,10.1,29.4,0.34015,17.9,24.75,0.724,9.65,33.2,42.85,22.35,15.0,7.5,5.0,4.45,22.75,22.5,101.7,1.0
1610612751,2018-19,0.512,1.0,0.0,46.25,37.55,86.2,0.4347,11.45,33.05,0.34005,15.5,21.45,0.7271500000000001,11.2,32.05,43.25,22.15,16.1,6.85,5.2,5.55,22.3,20.7,102.05,1.0
1610612760,2018-19,0.598,1.0,0.0,46.0,39.15,86.75,0.45345,8.7,27.5,0.32685,18.25,26.15,0.70495,12.2,33.65,45.85,20.7,15.55,10.8,5.6,4.95,22.35,24.4,105.25,1.0
1610612759,2018-19,0.585,1.0,0.0,45.4,36.6,82.75,0.4420499999999999,8.8,23.85,0.36495,16.35,20.75,0.7853000000000001,9.5,32.85,42.35,21.25,13.8,6.55,5.05,4.7,19.4,21.85,98.35,1.0
1610612753,2018-19,0.512,1.0,0.0,46.0,37.1,86.0,0.43,9.8,30.5,0.31305,13.3,18.0,0.7467500000000001,10.0,32.45,42.45,22.45,14.0,7.85,5.9,4.85,21.15,20.25,97.3,1.0
1610612765,2018-19,0.5,1.0,0.0,46.35,36.05,86.9,0.4124,9.95,33.05,0.2973,17.55,23.4,0.75285,11.55,33.35,44.9,18.95,14.9,7.1,3.8,5.2,23.4,22.45,99.6,1.0
1610612746,2018-19,0.585,1.0,0.0,46.1,38.2,85.0,0.44715,8.2,23.75,0.3337,21.4,27.3,0.77115,10.55,35.6,46.15,20.2,14.6,6.5,5.25,6.7,23.0,23.55,106.0,1.0
1610612766,2018-19,0.476,0.0,0.0,46.6,39.65,89.15,0.44575,10.85,32.4,0.3327000000000001,17.65,21.95,0.81175,10.4,33.4,43.8,22.75,13.2,7.55,5.6,6.1,20.5,21.9,107.8,1.0
1610612758,2018-19,0.476,0.0,0.0,44.8,38.6,83.0,0.4606,8.6,24.9,0.33715,15.65,22.95,0.6820499999999999,9.4,33.15,42.55,20.95,15.5,7.85,4.5,5.15,22.2,22.9,101.45,1.0
1610612748,2018-19,0.476,0.0,0.0,45.05,36.2,84.45,0.42805,11.0,31.65,0.3482999999999999,17.8,25.25,0.7002499999999999,12.2,32.5,44.7,21.55,15.85,7.15,5.75,5.9,22.65,23.85,101.2,1.0
1610612747,2018-19,0.451,0.0,0.0,44.45,39.0,83.9,0.4606499999999999,9.2,27.45,0.33715,16.25,22.55,0.7114499999999999,9.45,32.05,41.5,21.5,15.35,7.85,5.35,5.85,23.0,22.85,103.45,1.0
1610612764,2018-19,0.39,0.0,0.0,46.25,36.95,83.5,0.4413,9.0,30.65,0.28435,20.5,26.8,0.7666000000000002,8.85,30.1,38.95,20.75,15.5,8.95,6.15,5.15,22.85,24.0,103.4,1.0
1610612750,2018-19,0.439,0.0,0.0,46.0,37.25,87.85,0.42615,9.5,28.6,0.3303999999999999,18.8,23.9,0.7604000000000001,11.4,31.7,43.1,20.2,14.55,9.9,5.8,5.4,18.5,22.1,102.8,1.0
1610612737,2018-19,0.354,0.0,0.0,44.4,36.3,85.1,0.4268999999999999,10.9,33.9,0.3209499999999999,16.15,22.9,0.71125,10.7,32.55,43.25,21.05,17.35,8.5,5.5,5.95,22.5,22.25,99.65,1.0
1610612763,2018-19,0.402,0.0,0.0,44.0,33.8,76.45,0.44305,8.8,24.2,0.3642,16.9,22.75,0.7405,8.35,28.25,36.6,19.35,13.2,8.6,5.3,4.25,21.5,23.05,93.3,1.0
1610612740,2018-19,0.402,0.0,0.0,46.0,41.75,86.55,0.4824999999999999,9.25,25.85,0.3613,19.9,26.6,0.7411999999999999,10.2,34.5,44.7,25.3,15.55,7.05,5.3,5.55,23.15,23.55,112.65,1.0
1610612741,2018-19,0.268,0.0,0.0,46.75,36.1,82.2,0.43825,10.3,28.6,0.3604,15.75,20.7,0.77285,7.8,33.55,41.35,20.3,15.5,6.8,4.95,5.6,20.85,19.5,98.25,1.0
1610612742,2018-19,0.402,0.0,0.0,46.25,37.8,83.55,0.4528,10.85,31.7,0.3432499999999999,18.45,25.3,0.7291000000000001,11.5,32.85,44.35,21.3,17.15,7.8,4.95,4.5,20.45,24.0,104.9,1.0
1610612739,2018-19,0.232,0.0,0.0,45.4,36.9,82.9,0.44465,8.05,23.25,0.344,17.0,21.45,0.7956000000000001,11.65,31.85,43.5,18.4,16.1,7.15,3.25,5.5,23.4,21.0,98.85,1.0
1610612756,2018-19,0.232,0.0,0.0,46.25,35.75,78.9,0.4543,10.0,28.95,0.34595,15.55,20.05,0.779,8.0,32.4,40.4,22.4,18.3,7.75,3.95,5.5,23.65,20.65,97.05,1.0
1610612752,2018-19,0.207,0.0,0.0,46.5,37.7,87.15,0.43315,8.3,26.9,0.30635,18.15,23.7,0.77265,12.05,31.7,43.75,18.2,14.95,7.8,5.55,6.0,22.5,21.8,101.85,1.0
1610612747,2019-20,0.732,1.0,0.0,45.05,37.55,84.35,0.4415,9.5,30.1,0.3162,16.55,22.7,0.7321,10.75,33.05,43.8,23.0,14.8,7.7,5.55,4.0,23.65,21.3,101.15,1.0
1610612749,2019-20,0.767,1.0,0.0,46.25,40.45,87.7,0.4599999999999999,13.45,39.45,0.3401999999999999,18.95,26.25,0.7144,9.65,38.95,48.6,22.8,15.65,7.5,5.15,4.35,22.1,23.7,113.3,1.0
1610612761,2019-20,0.736,1.0,0.0,46.25,37.7,84.65,0.44385,12.85,34.8,0.3665,19.1,23.6,0.8075000000000001,9.3,35.75,45.05,23.3,15.8,7.6,5.15,5.95,22.3,22.25,107.35,1.0
1610612746,2019-20,0.681,1.0,0.0,46.25,37.85,85.75,0.44255,10.5,30.3,0.3458,18.9,24.6,0.7537,11.35,35.7,47.05,21.3,16.2,7.3,5.6,5.2,22.6,22.75,105.1,1.0666666666666669
1610612738,2019-20,0.667,1.0,0.0,46.25,38.8,87.65,0.4441,11.7,33.85,0.3454,17.75,22.8,0.7839000000000002,10.75,35.55,46.3,23.1,13.35,9.1,5.55,5.35,22.3,22.55,107.05,1.0
1610612743,2019-20,0.63,1.0,0.0,46.9,39.05,86.85,0.4503,10.05,28.6,0.3505,14.25,19.45,0.7217499999999999,11.3,33.8,45.1,24.55,14.75,7.7,4.6,4.4,21.1,20.8,102.4,1.0
1610612754,2019-20,0.616,1.0,0.0,46.25,38.35,86.9,0.4394,8.5,26.6,0.3205,15.1,19.0,0.8022,10.85,33.05,43.9,21.95,14.2,7.2,4.55,5.1,21.5,19.95,100.3,1.0
1610612745,2019-20,0.611,1.0,0.0,46.0,38.05,87.1,0.4350499999999999,15.15,44.55,0.33895,19.85,25.7,0.76645,10.45,32.65,43.1,20.05,15.4,8.8,4.85,4.35,20.7,22.1,111.1,1.0
1610612748,2019-20,0.603,1.0,0.0,45.15,37.4,79.5,0.46955,10.95,30.1,0.362,18.3,24.3,0.76065,9.5,33.55,43.05,22.4,17.4,9.05,5.2,3.95,22.8,23.3,104.05,1.0
1610612760,2019-20,0.611,1.0,0.0,46.35,36.05,80.1,0.4495999999999999,9.45,28.8,0.3229999999999999,18.55,24.3,0.7541,7.8,33.05,40.85,20.7,15.75,8.55,4.8,4.85,20.1,23.8,100.1,1.0
1610612755,2019-20,0.589,1.0,0.0,46.35,39.2,86.15,0.4537,10.3,29.95,0.3508999999999999,16.75,23.15,0.71785,10.85,35.55,46.4,24.65,17.45,8.55,6.3,4.6,24.95,22.4,105.45,1.0
1610612762,2019-20,0.611,1.0,0.0,44.8,34.25,77.6,0.4409499999999999,10.0,29.45,0.3337499999999999,16.6,22.95,0.7004,9.1,34.0,43.1,19.5,16.85,7.15,4.3,3.8,21.75,21.4,95.1,1.0833333333333333
1610612751,2019-20,0.486,1.0,0.0,46.1,37.95,85.75,0.4429999999999999,10.7,32.9,0.31965,19.3,26.1,0.7444500000000002,10.0,36.9,46.9,20.55,16.65,6.7,5.75,4.8,21.95,24.0,105.9,1.0
1610612742,2019-20,0.573,1.0,0.0,46.25,40.25,85.8,0.4702,13.25,36.75,0.3569,18.2,24.0,0.7605999999999999,10.4,33.9,44.3,23.1,14.0,6.95,5.0,4.2,21.05,22.45,111.95,1.0
1610612757,2019-20,0.473,1.0,0.0,46.25,38.85,87.55,0.44755,11.65,32.15,0.3636,17.05,21.95,0.7678,10.6,34.25,44.85,17.25,15.25,5.95,5.05,5.95,22.35,21.1,106.4,1.0
1610612753,2019-20,0.452,1.0,0.0,46.0,35.95,84.1,0.4304,9.5,29.45,0.3231499999999999,16.0,20.85,0.7564000000000001,10.3,32.4,42.7,21.3,13.2,8.3,5.6,4.45,19.25,19.85,97.4,1.0
1610612764,2019-20,0.347,0.0,0.0,45.99641665,40.9,89.9,0.4511,11.15,32.55,0.3381999999999999,15.25,19.6,0.7703500000000001,10.25,31.5,41.75,25.15,14.2,6.75,4.15,6.05,21.8,19.95,108.2,1.0
1610612763,2019-20,0.466,0.0,0.0,44.35,36.45,83.95,0.43335,9.9,30.2,0.3334999999999999,15.8,20.8,0.76285,10.65,33.95,44.6,22.05,16.3,7.9,5.95,5.3,21.7,20.85,98.6,1.0
1610612766,2019-20,0.354,0.0,0.0,46.25,36.25,82.7,0.4377999999999999,11.9,33.95,0.34235,15.55,21.4,0.7283,10.15,29.25,39.4,21.9,16.55,7.1,3.6,4.55,20.25,21.5,99.95,1.0666666666666669
1610612756,2019-20,0.466,0.0,0.0,46.75,38.4,84.55,0.4535499999999999,12.35,33.6,0.36805,19.2,23.75,0.8030999999999999,8.0,32.8,40.8,25.0,14.7,7.9,3.85,5.3,23.7,24.75,108.35,1.0625
1610612741,2019-20,0.338,0.0,0.0,46.0,36.25,85.6,0.4253,10.05,31.7,0.3091,17.5,23.25,0.74935,10.3,33.4,43.7,20.5,16.0,9.25,4.2,6.4,22.6,21.4,100.05,1.0
1610612759,2019-20,0.451,0.0,0.0,44.8,37.4,80.3,0.46725,7.8,23.0,0.3257,18.9,24.35,0.7767499999999999,10.05,33.45,43.5,21.5,15.95,6.35,4.8,4.6,20.85,22.3,101.5,1.0
1610612758,2019-20,0.431,0.0,0.0,44.9,35.85,81.95,0.4382,11.7,32.45,0.3554,15.9,21.4,0.76585,11.0,30.7,41.7,20.0,16.15,7.05,4.3,4.7,23.7,22.0,99.3,1.0833333333333333
1610612752,2019-20,0.318,0.0,0.0,46.1,36.0,83.35,0.4322000000000001,10.05,27.7,0.3657,17.75,26.45,0.6739499999999999,11.7,33.9,45.6,19.35,15.2,7.75,5.5,4.35,23.6,22.65,99.8,1.0
1610612765,2019-20,0.303,0.0,0.0,46.0,37.45,81.25,0.4623,12.3,31.4,0.3965999999999999,17.9,23.6,0.7760500000000001,9.8,31.3,41.1,23.8,17.0,7.6,6.0,4.35,21.8,21.35,105.1,1.0
1610612740,2019-20,0.417,0.0,0.0,46.05,39.85,89.3,0.4467,13.35,36.05,0.3721,15.6,21.5,0.72435,12.35,33.75,46.1,23.2,15.95,8.95,5.05,5.05,22.35,20.5,108.65,1.0
1610612750,2019-20,0.297,0.0,0.0,45.95,38.0,87.1,0.437,11.55,35.75,0.3285999999999999,20.45,26.7,0.7681,10.55,33.95,44.5,21.55,15.95,9.05,5.1,5.9,21.65,23.4,108.0,1.0
1610612737,2019-20,0.299,0.0,0.0,46.24641665,36.05,83.15,0.43215,9.45,30.65,0.30965,18.25,24.8,0.7345499999999999,10.1,31.1,41.2,20.9,17.85,9.3,5.35,6.8,23.2,21.95,99.8,1.0
1610612739,2019-20,0.292,0.0,0.0,44.9,33.85,80.3,0.42085,9.55,30.65,0.3080999999999999,17.05,22.15,0.7653000000000001,9.15,30.8,39.95,18.05,14.8,7.75,3.35,5.7,17.45,20.3,94.3,1.0
1610612744,2019-20,0.231,0.0,0.0,45.05,35.5,83.2,0.4260499999999999,9.05,29.35,0.3050999999999999,18.35,22.35,0.8206,9.7,31.2,40.9,20.9,15.85,8.1,3.95,4.5,20.05,21.35,98.4,1.0833333333333333
1610612762,2020-21,0.722,1.0,0.0,48.0,40.45,87.8,0.4608999999999999,16.95,42.45,0.39535,15.75,21.05,0.7310500000000001,11.65,37.75,49.4,23.7,14.7,5.8,5.75,4.7,18.65,19.3,113.6,1.0
1610612755,2020-21,0.681,1.0,0.0,48.25,41.25,87.1,0.4752499999999999,11.25,30.85,0.36785,19.85,25.85,0.76585,10.1,35.95,46.05,23.8,16.0,9.1,6.6,4.35,20.75,21.85,113.6,1.0
1610612751,2020-21,0.667,1.0,0.0,49.0,43.25,88.2,0.49185,14.35,36.5,0.3975499999999999,18.9,23.1,0.81595,8.6,36.7,45.3,26.5,15.25,6.35,6.25,4.15,19.8,20.3,119.75,1.0
1610612756,2020-21,0.708,1.0,0.0,49.0,40.4,87.8,0.46135,13.3,37.55,0.3544,15.8,18.95,0.82515,8.5,35.6,44.1,25.8,13.65,6.15,4.3,3.65,20.95,19.45,109.9,1.0
1610612749,2020-21,0.639,1.0,0.0,48.0,45.0,91.65,0.4923,15.5,38.95,0.3922,15.0,20.65,0.7344999999999999,10.9,37.7,48.6,27.0,14.35,8.3,4.75,5.25,18.0,18.45,120.5,1.0
1610612743,2020-21,0.653,1.0,0.0,49.25,43.3,89.7,0.4849500000000001,13.2,34.35,0.3854499999999999,16.8,21.9,0.7824000000000001,11.15,33.9,45.05,27.15,14.25,8.75,4.05,4.1,20.15,21.7,116.6,1.0
1610612752,2020-21,0.569,1.0,0.0,48.0,37.7,84.9,0.4452,9.45,27.0,0.3554,16.7,22.0,0.7605,10.8,36.3,47.1,21.05,14.1,6.75,5.1,6.35,21.1,19.7,101.55,1.0
1610612746,2020-21,0.653,1.0,0.0,48.0,41.0,85.9,0.4767,14.7,35.5,0.41435,17.05,20.05,0.8516999999999999,9.3,34.65,43.95,24.7,13.65,7.8,4.75,2.9,19.65,17.8,113.75,1.0
1610612737,2020-21,0.569,1.0,0.0,48.5,39.4,88.1,0.44895,12.3,34.9,0.3505,21.4,26.25,0.812,11.3,35.95,47.25,24.1,14.75,6.75,4.95,5.7,20.3,21.05,112.5,1.0
1610612742,2020-21,0.583,1.0,0.0,48.25,39.95,87.1,0.4584999999999999,11.8,35.95,0.3246,17.0,22.85,0.74075,8.3,34.3,42.6,22.3,12.35,7.05,4.55,4.05,21.05,21.55,108.7,1.0
1610612757,2020-21,0.583,1.0,0.0,48.25,40.85,92.5,0.4422999999999999,16.15,42.55,0.3777,17.55,21.15,0.8355499999999999,10.2,33.6,43.8,20.7,11.4,7.95,4.8,5.0,19.35,18.9,115.4,1.0
1610612748,2020-21,0.556,1.0,0.0,48.5,38.5,82.35,0.46805,13.05,37.2,0.35205,16.8,21.65,0.7737499999999999,6.85,34.6,41.45,25.75,17.15,6.4,3.85,3.95,20.05,21.15,106.85,1.0
1610612738,2020-21,0.5,1.0,0.0,48.0,41.75,88.45,0.4727499999999999,11.95,31.85,0.3787999999999999,16.1,21.35,0.75305,11.0,33.65,44.65,22.7,15.0,8.8,5.4,5.1,20.8,19.8,111.55,1.0
1610612747,2020-21,0.583,1.0,0.0,48.0,42.0,87.45,0.4809500000000001,12.0,30.9,0.3818500000000001,16.8,22.4,0.7515000000000002,10.05,36.45,46.5,24.7,14.7,6.65,6.05,4.4,18.5,21.1,112.8,1.0
1610612763,2020-21,0.528,1.0,0.0,48.25,42.35,91.65,0.4623500000000001,11.65,32.25,0.35805,14.6,18.65,0.7824,11.4,33.6,45.0,28.35,14.1,9.8,5.25,6.0,18.6,17.3,110.95,1.0
1610612764,2020-21,0.472,1.0,0.0,48.0,41.35,90.95,0.4541,12.1,34.55,0.3504,19.45,25.75,0.75865,10.15,33.45,43.6,25.05,13.9,7.0,3.9,4.3,22.6,21.6,114.25,1.0
1610612744,2020-21,0.542,0.0,0.0,48.0,40.5,89.6,0.45395,13.35,37.2,0.3595999999999999,18.05,23.45,0.7663499999999999,8.6,35.55,44.15,26.5,14.6,7.65,5.5,5.15,23.3,21.4,112.4,1.0
1610612754,2020-21,0.472,0.0,0.0,48.5,42.5,88.95,0.4776499999999999,12.15,34.0,0.3551,15.95,20.7,0.7687999999999999,8.65,33.9,42.55,26.5,13.95,8.6,5.7,5.8,20.95,18.7,113.1,1.0
1610612759,2020-21,0.458,0.0,0.0,48.25,42.2,92.3,0.4589,11.1,30.2,0.3652499999999999,16.2,20.55,0.7901,9.55,35.85,45.4,25.0,11.0,7.05,4.75,5.7,17.5,18.7,111.7,1.0
1610612766,2020-21,0.458,0.0,0.0,48.0,39.65,87.85,0.4527,13.3,36.3,0.3652,16.0,21.6,0.72655,10.65,33.3,43.95,28.45,14.9,8.45,5.1,5.5,18.15,19.05,108.6,1.0
1610612740,2020-21,0.431,0.0,0.0,48.25,41.1,88.15,0.4674999999999999,11.1,32.2,0.33505,17.8,24.8,0.70055,11.55,35.1,46.65,23.85,14.9,7.7,3.8,5.45,17.9,21.15,111.1,1.0
1610612741,2020-21,0.431,0.0,0.0,48.25,42.05,88.2,0.47725,13.65,36.4,0.3677999999999999,17.0,21.45,0.78915,8.7,35.15,43.85,26.05,17.15,7.65,3.75,3.85,20.75,20.65,114.75,1.0
1610612758,2020-21,0.431,0.0,0.0,48.25,41.6,87.55,0.47625,12.45,33.05,0.3742499999999999,17.75,24.8,0.7032,10.45,32.95,43.4,25.6,14.65,6.65,5.5,5.2,20.25,20.95,113.4,1.0
1610612761,2020-21,0.375,0.0,0.0,48.0,39.15,89.05,0.4401999999999999,15.9,42.4,0.37665,17.05,20.95,0.8158,10.25,32.9,43.15,24.5,14.65,9.05,5.75,5.9,22.15,19.1,111.25,1.0
1610612750,2020-21,0.319,0.0,0.0,48.25,39.45,91.05,0.4340499999999999,11.6,34.35,0.33955,15.8,20.95,0.7423,11.1,32.5,43.6,23.75,14.65,8.4,5.65,6.3,21.8,19.15,106.3,1.0
1610612739,2020-21,0.306,0.0,0.0,49.0,39.5,87.35,0.4510499999999999,9.7,27.15,0.3566999999999999,15.45,21.7,0.7015,11.5,32.65,44.15,23.25,16.35,9.55,4.9,6.35,19.4,20.3,104.15,1.0
1610612753,2020-21,0.292,0.0,0.0,48.25,39.05,91.3,0.4281,11.1,32.0,0.3441999999999999,15.6,19.9,0.7853999999999999,12.0,34.75,46.75,22.45,13.75,7.3,3.75,5.55,17.65,18.6,104.8,1.0
1610612760,2020-21,0.306,0.0,0.0,48.25,39.15,86.95,0.4493999999999999,13.1,38.55,0.338,15.65,21.45,0.7234999999999999,7.2,37.0,44.2,22.2,14.6,7.0,4.9,4.05,18.1,19.35,107.05,1.0
1610612765,2020-21,0.278,0.0,0.0,49.0,38.0,88.65,0.42905,13.15,36.7,0.3598,19.2,24.45,0.7816000000000001,10.45,32.5,42.95,23.9,14.8,7.8,4.75,6.3,20.85,21.8,108.35,1.0
1610612745,2020-21,0.236,0.0,0.0,48.25,40.1,88.05,0.4551,14.25,39.55,0.3565,16.6,22.0,0.7540000000000001,8.55,35.75,44.3,23.25,15.8,8.15,6.2,6.1,20.25,19.35,111.05,1.0
1610612748,2021-22,0.646,1.0,0.0,45.9,37.7,83.45,0.45165,10.5,31.35,0.3400499999999999,16.25,20.4,0.7969999999999999,11.5,34.65,46.15,21.95,15.9,7.85,3.05,4.65,21.3,20.05,102.15,1.0
1610612756,2021-22,0.78,1.0,0.0,46.0,38.25,86.5,0.4392,10.7,31.7,0.3335,14.95,19.0,0.7906000000000001,10.55,35.5,46.05,23.85,13.55,8.7,4.6,3.9,18.45,19.3,102.15,1.0
1610612738,2021-22,0.622,1.0,0.0,47.5,38.35,86.1,0.4452999999999999,12.3,36.9,0.32915,14.35,18.65,0.7655000000000001,9.9,35.05,44.95,23.0,14.9,7.65,5.85,4.7,19.4,18.85,103.35,1.0
1610612763,2021-22,0.683,1.0,0.0,45.5,38.3,89.2,0.4294,11.2,34.55,0.3229,13.3,18.3,0.7349500000000001,13.0,33.45,46.45,23.15,14.5,9.3,5.5,6.0,18.15,18.6,101.1,1.0
1610612749,2021-22,0.622,1.0,0.0,46.25,37.0,85.8,0.4294500000000001,12.7,38.35,0.3248,14.55,19.45,0.7493,10.4,33.6,44.0,20.7,15.1,7.7,4.25,5.3,18.25,19.2,101.25,1.0
1610612744,2021-22,0.646,1.0,0.0,45.75,38.25,84.85,0.44935,13.7,38.55,0.3557499999999999,14.8,19.35,0.7540500000000001,10.0,35.2,45.2,25.7,15.85,10.15,5.3,4.15,19.2,18.2,105.0,1.0
1610612755,2021-22,0.622,1.0,0.0,46.2,38.8,84.45,0.4615,11.25,32.35,0.35485,15.8,19.65,0.8084999999999999,9.7,31.55,41.25,21.65,12.7,8.55,6.05,4.8,18.2,18.95,104.65,1.0
1610612742,2021-22,0.634,1.0,0.0,46.3,36.25,84.45,0.4281499999999999,11.65,35.75,0.3198,13.7,19.0,0.7252499999999998,9.85,33.45,43.3,20.95,12.65,7.7,4.1,5.45,19.5,19.15,97.85,1.0
1610612762,2021-22,0.598,1.0,0.0,46.2,37.5,81.8,0.4589,12.7,38.6,0.32685,16.65,22.1,0.75755,10.15,35.55,45.7,20.5,15.75,7.65,5.45,4.05,18.9,19.5,104.35,1.0
1610612761,2021-22,0.585,1.0,0.0,46.0,38.15,88.45,0.4313499999999999,10.65,31.25,0.34035,14.05,18.95,0.7407999999999999,13.5,31.7,45.2,19.3,13.7,10.45,5.4,6.15,19.25,17.4,101.0,1.0
1610612741,2021-22,0.561,1.0,0.0,46.0,37.8,84.5,0.44435,9.35,27.4,0.34035,17.3,21.05,0.8288,9.9,34.0,43.9,21.45,13.45,8.4,4.8,5.4,18.3,18.25,102.25,1.0
1610612743,2021-22,0.585,1.0,0.0,46.1,37.65,83.4,0.4506499999999999,10.8,33.9,0.3188999999999999,12.15,17.2,0.70595,9.75,33.2,42.95,22.2,14.8,7.95,4.4,4.75,18.7,19.15,98.25,1.0
1610612750,2021-22,0.561,1.0,0.0,46.35,36.45,86.6,0.42155,12.6,38.7,0.3215499999999999,14.05,18.7,0.7442500000000001,12.1,31.2,43.3,21.9,16.5,8.85,5.45,5.4,22.3,19.1,99.55,1.0
1610612751,2021-22,0.537,1.0,0.0,46.2,36.7,82.9,0.44365,12.05,33.6,0.35365,17.5,21.75,0.8084499999999999,8.9,35.4,44.3,21.95,15.7,6.95,5.3,5.65,19.75,21.5,102.95,1.0
1610612739,2021-22,0.537,0.0,0.0,46.0,36.45,82.25,0.4426499999999999,10.65,31.85,0.3293,14.8,19.4,0.7676000000000001,10.5,32.95,43.45,22.35,15.25,7.6,4.05,5.1,16.6,18.3,98.35,1.0
1610612746,2021-22,0.512,0.0,0.0,46.0,38.0,86.8,0.43795,12.9,36.8,0.35065,13.2,17.2,0.7614000000000001,9.8,35.1,44.9,22.25,14.75,8.25,5.65,4.5,18.55,18.6,102.1,1.0
1610612737,2021-22,0.524,1.0,0.0,46.1,39.2,86.25,0.4564499999999999,11.05,31.2,0.34795,13.95,17.75,0.7872000000000001,10.85,33.55,44.4,22.7,13.45,6.5,3.9,4.4,18.4,19.6,103.4,1.0
1610612740,2021-22,0.439,1.0,0.0,46.1,36.3,85.5,0.42595,10.65,32.1,0.3408,14.65,18.5,0.79065,11.05,33.85,44.9,23.2,15.35,7.7,5.0,4.65,20.0,18.4,97.9,1.0
1610612759,2021-22,0.415,0.0,0.0,45.05,38.7,86.35,0.4458,9.4,29.2,0.32045,12.35,17.2,0.7112499999999999,8.7,32.35,41.05,23.75,13.3,7.85,5.3,5.1,17.9,17.85,99.15,1.0
1610612766,2021-22,0.524,0.0,0.0,46.5,39.25,88.35,0.4436000000000001,11.95,32.9,0.3578,15.2,20.3,0.7423,10.9,31.8,42.7,24.1,15.5,9.05,4.95,5.8,18.75,19.4,105.65,1.0
1610612752,2021-22,0.451,0.0,0.0,46.1,37.55,84.75,0.44505,13.9,37.4,0.36915,14.75,19.25,0.7676000000000001,10.05,33.2,43.25,21.15,13.35,6.95,5.3,4.9,18.85,18.75,103.75,1.0
1610612747,2021-22,0.402,0.0,0.0,45.95,37.75,85.7,0.4380499999999999,10.1,30.25,0.3310499999999999,14.55,20.0,0.7320500000000001,11.0,32.45,43.45,21.9,16.3,9.4,5.7,4.05,19.15,20.45,100.15,1.0
1610612758,2021-22,0.366,0.0,0.0,45.3,38.1,85.2,0.4479,10.65,32.65,0.3157999999999999,14.9,19.7,0.7408000000000001,10.25,32.45,42.7,20.0,13.8,8.85,4.5,5.1,20.0,18.45,101.75,1.0
1610612764,2021-22,0.427,0.0,0.0,47.35,37.2,83.7,0.4444000000000001,10.3,32.75,0.3167,15.8,20.05,0.78025,8.6,36.35,44.95,22.05,15.05,7.85,5.9,4.75,18.7,19.3,100.5,1.0
1610612754,2021-22,0.305,0.0,0.0,46.5,38.7,84.25,0.4587499999999999,11.7,33.5,0.34885,13.25,17.5,0.7561,9.95,33.95,43.9,22.05,15.55,7.65,6.65,4.3,20.75,18.75,102.35,1.0
1610612757,2021-22,0.329,0.0,0.0,46.0,38.3,84.75,0.452,12.6,36.55,0.34265,12.95,16.8,0.7773000000000001,10.0,34.0,44.0,21.95,14.5,7.85,4.9,4.3,18.9,18.2,102.15,1.0
1610612765,2021-22,0.28,0.0,0.0,46.0,34.4,83.35,0.4135,11.0,36.3,0.3012,15.95,21.3,0.74865,11.15,30.95,42.1,20.2,15.75,8.55,5.45,5.3,19.95,19.7,95.75,1.0
1610612760,2021-22,0.293,0.0,0.0,46.0,34.8,85.65,0.4054999999999999,10.6,36.1,0.2910999999999999,13.5,18.8,0.71685,10.45,35.95,46.4,19.0,14.8,6.95,4.4,6.3,17.1,17.8,93.7,1.0
1610612745,2021-22,0.244,0.0,0.0,46.0,35.25,84.1,0.4193,11.05,35.95,0.30785,16.25,23.25,0.69425,10.45,34.0,44.45,20.0,18.05,8.05,5.0,6.9,19.5,22.6,97.8,1.0
1610612753,2021-22,0.268,0.0,0.0,46.1,34.7,85.05,0.40705,12.3,37.05,0.33275,14.1,18.8,0.7445,10.65,33.1,43.75,20.7,15.8,6.8,5.0,5.2,19.85,19.3,95.8,1.0
1610612749,2022-23,0.707,1.0,0.0,46.5,37.75,84.65,0.44765,12.8,36.55,0.3501499999999999,17.85,25.0,0.71395,10.95,35.85,46.8,22.55,16.1,7.05,5.9,5.0,18.95,22.7,106.15,1.0
1610612743,2022-23,0.646,1.0,0.0,46.0,39.6,83.5,0.4721,11.8,30.9,0.3772,14.45,20.15,0.7075,10.75,32.25,43.0,25.55,15.75,7.75,4.35,4.45,18.6,19.5,105.45,1.0
1610612738,2022-23,0.695,1.0,0.0,46.5,40.45,84.7,0.47735,15.3,39.9,0.3784,18.85,22.5,0.8492999999999998,8.65,32.6,41.25,25.6,13.8,6.1,5.7,4.3,21.5,20.85,115.05,1.0
1610612763,2022-23,0.622,1.0,0.0,45.3,39.65,85.8,0.46105,11.0,31.55,0.34445,15.4,20.95,0.7430500000000001,12.1,31.9,44.0,22.9,15.5,7.7,5.2,5.4,20.3,20.5,105.7,1.0
1610612755,2022-23,0.659,1.0,0.0,44.8,35.5,79.25,0.44765,10.95,31.1,0.34145,17.8,22.6,0.7827500000000001,9.95,30.0,39.95,21.1,16.1,9.35,5.3,5.2,21.55,20.65,99.75,1.0
1610612758,2022-23,0.585,1.0,0.0,45.25,37.85,79.9,0.4736499999999999,12.8,35.3,0.3594,16.7,21.65,0.7719999999999999,8.0,31.35,39.35,23.95,15.15,8.05,3.9,3.35,21.55,20.55,105.2,1.0
1610612756,2022-23,0.549,1.0,0.0,46.25,39.1,84.75,0.4574000000000001,11.85,32.75,0.3593,17.9,22.35,0.79615,11.05,31.0,42.05,25.6,14.2,8.0,5.3,3.95,22.25,22.45,107.95,1.0
1610612739,2022-23,0.622,1.0,0.0,47.25,38.85,83.7,0.4644,11.3,30.6,0.3641999999999999,19.45,24.85,0.7868,10.4,31.85,42.25,22.45,13.8,6.4,4.6,4.8,20.0,23.05,108.45,1.0
1610612746,2022-23,0.537,1.0,0.0,46.0,36.0,78.55,0.457,10.5,30.6,0.34545,16.5,22.25,0.7418,7.45,34.0,41.45,20.4,15.8,7.7,5.2,4.65,21.3,19.3,99.0,1.0
1610612752,2022-23,0.573,1.0,0.0,46.5,39.8,87.15,0.4562,10.6,34.0,0.31195,18.45,24.35,0.7503500000000001,11.6,32.35,43.95,23.1,14.3,8.15,4.35,5.0,21.95,21.55,108.65,1.0
1610612744,2022-23,0.537,1.0,0.0,45.05,36.95,81.15,0.4517999999999998,12.05,35.0,0.33885,15.85,21.5,0.7409,9.1,29.75,38.85,22.4,16.85,7.15,4.1,3.75,23.5,20.2,101.8,1.0
1610612751,2022-23,0.549,1.0,0.0,46.25,38.0,80.8,0.4695499999999999,10.45,29.75,0.3493,20.1,24.95,0.80765,8.2,31.0,39.2,23.45,14.55,7.55,6.3,4.5,20.95,20.75,106.55,1.0
1610612748,2022-23,0.537,1.0,0.0,45.05,34.05,80.65,0.4206999999999999,9.75,31.75,0.30435,19.15,23.75,0.8026500000000001,10.3,29.45,39.75,20.4,13.85,8.9,3.7,5.4,20.1,22.65,97.0,1.0
1610612747,2022-23,0.524,1.0,0.0,45.25,37.3,84.15,0.44345,9.3,29.35,0.32205,17.3,22.4,0.76085,9.85,33.35,43.2,20.9,14.7,7.5,5.55,5.0,20.35,20.9,101.2,1.0
1610612737,2022-23,0.5,1.0,0.0,46.25,40.7,90.25,0.45,8.65,27.4,0.3188,16.45,20.1,0.8129499999999998,11.1,31.65,42.75,22.55,12.5,7.35,4.8,6.1,21.0,20.95,106.5,1.0
1610612750,2022-23,0.512,1.0,0.0,46.25,39.0,83.8,0.46595,10.2,32.0,0.32045,17.85,23.1,0.7687,10.15,32.2,42.35,24.15,15.85,8.35,5.0,4.3,21.9,19.95,106.05,1.0
1610612740,2022-23,0.512,0.0,0.0,46.75,40.75,86.45,0.4717500000000001,11.0,29.1,0.37145,18.85,24.3,0.7666000000000001,12.4,32.9,45.3,25.3,14.2,7.75,4.65,5.65,19.45,20.3,111.35,1.0
1610612761,2022-23,0.5,0.0,0.0,46.0,38.3,86.55,0.4421499999999999,11.15,33.55,0.33475,17.6,22.65,0.76735,12.35,29.8,42.15,21.75,13.45,10.55,6.0,4.75,21.35,20.1,105.35,1.0
1610612741,2022-23,0.488,0.0,0.0,46.1,38.65,81.8,0.473,9.7,27.15,0.35505,19.55,24.05,0.8128499999999999,9.45,31.5,40.95,23.05,16.3,7.8,4.95,6.3,20.8,21.1,106.55,1.0
1610612760,2022-23,0.488,0.0,0.0,45.55,38.5,87.8,0.4375999999999999,10.45,33.9,0.2994,14.75,19.65,0.74665,11.25,32.6,43.85,22.65,14.3,8.65,5.9,5.65,21.1,20.4,102.2,1.0
1610612754,2022-23,0.427,0.0,0.0,46.0,38.9,85.85,0.4535999999999999,13.35,37.25,0.3565,18.2,23.55,0.7703,11.3,32.05,43.35,25.95,16.25,7.5,6.2,5.6,22.25,20.2,109.35,1.0
1610612742,2022-23,0.463,0.0,0.0,46.6,36.3,80.55,0.45235,12.4,37.2,0.3366,19.0,25.95,0.7261999999999998,8.5,29.95,38.45,19.45,13.5,8.7,3.7,5.25,23.05,23.6,104.0,1.0
1610612762,2022-23,0.451,0.0,0.0,45.3,36.8,84.45,0.43105,12.65,36.9,0.3376,15.65,21.75,0.7325999999999999,12.7,30.9,43.6,23.4,16.45,8.5,5.4,5.05,22.15,22.25,101.9,1.0
1610612764,2022-23,0.427,0.0,0.0,46.25,38.6,82.6,0.4684,10.35,29.7,0.3464,17.5,22.0,0.79335,9.25,33.05,42.3,23.05,13.95,6.55,5.65,4.35,20.45,20.55,105.05,1.0
1610612757,2022-23,0.402,0.0,0.0,46.25,36.15,78.75,0.45895,10.85,29.8,0.3621,20.15,26.55,0.7595500000000001,9.85,33.05,42.9,21.35,15.8,7.1,4.6,4.75,20.0,23.45,103.3,1.0
1610612753,2022-23,0.415,0.0,0.0,46.45,37.6,81.95,0.4577,10.15,31.5,0.3246,19.1,24.8,0.7757000000000001,10.85,33.25,44.1,20.15,16.3,6.3,4.9,4.3,22.15,21.1,104.45,1.0
1610612766,2022-23,0.329,0.0,0.0,46.95,38.3,87.1,0.4391,10.35,32.8,0.3184,15.9,21.85,0.72625,12.0,32.2,44.2,23.55,15.55,7.5,5.85,6.5,20.3,20.15,102.85,1.0
1610612745,2022-23,0.268,0.0,0.0,46.0,36.7,85.35,0.42995,11.6,34.5,0.3353,17.9,24.05,0.7527,12.9,31.7,44.6,20.95,16.9,8.2,5.7,5.9,21.3,21.6,102.9,1.0
1610612759,2022-23,0.268,0.0,0.0,46.25,39.3,86.9,0.4527500000000001,12.3,33.65,0.3661,14.85,20.85,0.7104999999999999,12.3,30.15,42.45,25.65,17.25,7.1,4.8,5.0,18.9,19.45,105.75,1.0
1610612765,2022-23,0.207,0.0,0.0,46.0,35.65,81.75,0.43865,11.05,32.85,0.3345,21.75,27.6,0.7971,10.45,31.15,41.6,20.95,15.55,6.75,4.05,6.45,22.85,23.1,104.1,1.0
1610612738,2023-24,0.78,1.0,0.0,46.5,40.2,85.95,0.4675499999999999,14.5,40.3,0.3603999999999999,16.3,20.85,0.7809,10.45,35.7,46.15,24.0,14.6,6.35,5.8,4.1,17.5,18.0,111.2,1.0
1610612760,2023-24,0.695,1.0,0.0,44.8,39.3,81.65,0.4816,11.95,32.35,0.3686,17.2,21.2,0.8006499999999999,7.6,32.05,39.65,23.0,15.45,8.65,5.5,5.05,19.25,20.55,107.75,1.0
1610612752,2023-24,0.61,1.0,0.0,46.08333335,38.3,87.9,0.43635,12.15,34.6,0.3447,15.65,21.85,0.7166499999999999,13.7,31.85,45.55,22.3,13.85,8.1,3.55,5.8,18.4,20.2,104.4,1.0
1610612743,2023-24,0.695,1.0,0.0,46.0,41.1,84.1,0.48815,11.8,32.85,0.3625,14.7,19.85,0.73035,9.8,32.15,41.95,26.95,13.15,7.1,5.25,4.0,18.2,19.25,108.7,1.0
1610612750,2023-24,0.683,1.0,0.0,46.25,39.25,82.65,0.4753,9.9,28.95,0.3364,19.5,25.2,0.7679,9.7,32.65,42.35,24.05,15.6,7.85,6.4,5.4,19.65,22.3,107.9,1.0
1610612749,2023-24,0.598,1.0,0.0,46.0,39.95,82.55,0.4811000000000001,12.35,34.65,0.3457,18.25,24.7,0.7414,9.5,32.5,42.0,22.45,15.6,7.3,4.8,4.0,21.45,20.3,110.5,1.0
1610612746,2023-24,0.622,1.0,0.0,46.25,39.55,84.95,0.46515,11.85,33.3,0.3552499999999999,16.6,21.95,0.75295,10.5,32.45,42.95,24.8,14.3,9.9,4.7,5.2,20.75,19.85,107.55,1.0
1610612739,2023-24,0.585,1.0,0.0,46.0175,39.35,83.2,0.47425,11.1,31.45,0.3567,17.95,23.25,0.7775000000000001,10.65,34.35,45.0,23.85,14.2,7.05,6.1,4.85,19.2,20.25,107.75,1.0
1610612753,2023-24,0.573,1.0,0.0,46.08333335,37.2,84.1,0.44115,9.85,31.2,0.3177,18.9,25.05,0.7638,11.55,31.0,42.55,22.3,15.95,9.85,5.85,5.55,19.75,22.0,103.15,1.0
1610612742,2023-24,0.61,1.0,0.0,46.18083335,41.2,87.3,0.4707499999999999,14.75,40.35,0.3618,19.1,25.85,0.74385,10.85,32.1,42.95,23.35,12.35,6.7,3.8,3.8,18.3,22.3,116.25,1.0
1610612756,2023-24,0.598,1.0,0.0,46.75,38.4,82.6,0.465,11.9,32.2,0.36185,19.95,24.4,0.8016,10.9,30.75,41.65,24.05,15.4,7.95,5.9,5.7,20.35,21.05,108.65,1.0
1610612754,2023-24,0.573,1.0,0.0,46.0,44.55,91.65,0.48365,13.95,37.7,0.3621,16.65,21.25,0.7845000000000001,10.15,30.2,40.35,27.25,13.25,7.35,6.25,6.05,21.7,18.25,119.7,1.0
1610612755,2023-24,0.573,1.0,0.0,44.8,39.6,83.25,0.4744,10.75,29.7,0.35865,22.6,28.0,0.80475,10.55,30.6,41.15,22.85,13.6,7.9,6.45,6.05,20.05,21.8,112.55,1.0
1610612740,2023-24,0.598,1.0,0.0,46.0,39.3,84.05,0.4668,10.4,30.25,0.3412,19.5,26.2,0.7377999999999999,10.45,33.05,43.5,24.15,15.15,8.1,5.0,4.65,20.95,21.0,108.5,1.0
1610612748,2023-24,0.561,1.0,0.0,45.2,36.5,79.85,0.4570999999999999,11.6,31.7,0.3677500000000001,18.4,22.2,0.8231999999999999,9.35,28.7,38.05,23.8,14.25,9.1,3.15,4.85,18.4,20.45,103.0,1.0
1610612747,2023-24,0.573,1.0,0.0,45.7,38.65,81.75,0.47325,10.25,28.8,0.3516499999999999,17.9,24.0,0.7412000000000001,8.75,33.35,42.1,23.1,14.6,7.65,6.55,4.7,18.45,20.5,105.45,1.0
1610612758,2023-24,0.561,0.0,0.0,45.7,38.0,82.45,0.4610499999999999,13.65,39.25,0.34885,16.65,22.4,0.7448499999999999,10.1,30.2,40.3,24.5,15.15,8.45,4.95,3.6,21.25,20.3,106.3,1.0
1610612741,2023-24,0.476,0.0,0.0,46.5,37.55,85.7,0.4395,11.2,32.7,0.346,15.9,20.6,0.7721,11.75,29.8,41.55,21.25,13.15,8.4,5.2,4.75,20.55,19.7,102.2,1.0
1610612737,2023-24,0.439,0.0,0.0,46.25,41.5,88.65,0.4673999999999999,13.2,37.15,0.3568,20.1,24.7,0.80695,13.75,30.8,44.55,24.95,15.35,8.25,5.0,5.6,19.15,20.15,116.3,1.0
1610612744,2023-24,0.561,0.0,0.0,45.38083335,37.75,85.75,0.4404999999999999,12.7,37.2,0.3416,18.6,24.15,0.7712999999999999,13.4,31.5,44.9,25.4,16.45,7.5,3.25,4.15,23.3,21.95,106.8,1.0
1610612745,2023-24,0.5,0.0,0.0,45.85,39.7,85.55,0.4644,13.1,36.25,0.36,15.7,20.55,0.7619,9.25,32.75,42.0,24.2,12.7,7.5,4.45,4.9,21.4,19.45,108.2,1.0
1610612751,2023-24,0.39,0.0,0.0,46.52583335,40.15,88.15,0.45525,14.2,37.8,0.37675,16.1,21.0,0.7665,11.6,34.2,45.8,24.05,13.95,6.95,5.4,5.25,20.4,18.5,110.6,1.0
1610612761,2023-24,0.305,0.0,0.0,46.60833335,39.05,86.15,0.4514499999999999,10.45,32.15,0.3197,17.55,23.9,0.73385,11.65,32.65,44.3,26.35,16.0,7.95,5.15,5.8,20.25,21.45,106.1,1.0
1610612762,2023-24,0.378,0.0,0.0,44.8,39.3,85.7,0.46005,13.95,38.45,0.3637499999999999,15.75,19.85,0.7882499999999999,13.1,32.15,45.25,25.85,16.9,6.0,5.15,6.05,20.6,19.2,108.3,1.0
1610612763,2023-24,0.329,0.0,0.0,45.05,35.75,84.75,0.42095,13.35,39.7,0.33335,15.2,20.15,0.75345,10.4,30.35,40.75,22.75,15.2,8.1,5.7,6.05,20.4,19.4,100.05,1.0
1610612766,2023-24,0.256,0.0,0.0,45.45,38.35,85.05,0.4497999999999999,9.4,29.2,0.3208499999999999,17.2,22.7,0.7624500000000001,12.15,31.0,43.15,21.9,14.9,6.95,5.3,5.6,21.35,20.5,103.3,1.0
1610612759,2023-24,0.268,0.0,0.0,45.7,38.65,86.95,0.4417999999999999,11.15,32.4,0.3390499999999999,15.2,21.0,0.7283,10.8,32.5,43.3,25.7,15.7,6.85,5.9,4.9,21.15,20.3,103.65,1.0
1610612764,2023-24,0.183,0.0,0.0,46.0,41.35,88.15,0.46855,11.05,32.1,0.3464,16.3,21.45,0.7614500000000001,9.15,30.1,39.25,25.35,13.5,7.85,5.35,5.45,19.95,19.65,110.05,1.0
1610612765,2023-24,0.171,0.0,0.0,46.0,39.5,85.45,0.4616,10.2,29.8,0.34345,16.1,20.7,0.7781499999999999,11.95,32.85,44.8,24.95,17.15,6.75,5.25,5.95,23.85,18.2,105.3,1.0
1610612757,2023-24,0.256,0.0,0.0,46.5,37.05,86.0,0.4308499999999999,10.35,31.3,0.3328,16.2,21.55,0.7545499999999998,12.5,29.05,41.55,20.95,16.35,8.45,5.3,6.9,20.15,19.45,100.65,1.0
1610612739,2024-25,0.78,1.0,0.0,46.0,42.8,84.2,0.5066999999999999,14.15,36.3,0.38825,16.25,20.7,0.7737999999999999,8.35,32.7,41.05,26.9,14.3,9.45,5.25,4.05,18.6,18.25,116.0,1.0
1610612760,2024-25,0.829,1.0,0.0,44.8,37.85,85.65,0.4396999999999999,13.35,37.75,0.3519,14.9,19.0,0.7756000000000001,9.2,31.45,40.65,22.95,13.6,10.55,5.9,4.7,19.2,18.2,103.95,1.0
1610612738,2024-25,0.744,1.0,0.0,46.75,40.0,86.8,0.4609500000000001,17.1,46.55,0.3651,18.0,22.55,0.7928499999999999,11.1,30.15,41.25,24.65,12.4,6.95,5.15,4.4,17.6,19.6,115.1,1.0
1610612745,2024-25,0.634,1.0,0.0,46.25,40.4,91.75,0.4402500000000001,10.5,32.95,0.31155,16.85,22.25,0.7603,14.7,35.05,49.75,21.25,13.7,8.95,5.4,6.45,20.95,19.3,108.15,1.0
1610612747,2024-25,0.61,1.0,0.0,44.8,37.45,84.1,0.4447,11.05,32.65,0.3354,18.7,24.8,0.7504,10.65,30.15,40.8,24.35,13.45,7.45,4.6,5.55,19.0,21.45,104.65,1.0
1610612752,2024-25,0.622,1.0,0.0,46.0,41.4,83.45,0.49545,12.8,33.0,0.3814499999999999,16.2,20.15,0.8039,8.95,31.95,40.9,25.7,13.4,7.05,3.45,4.25,17.5,19.4,111.8,1.0
1610612754,2024-25,0.61,1.0,0.0,46.67916665,39.85,83.95,0.4731000000000001,11.3,31.6,0.3488,17.25,22.7,0.7617,9.0,30.45,39.45,25.65,16.6,8.25,5.0,5.05,21.8,21.0,108.25,1.0
1610612743,2024-25,0.61,1.0,0.0,46.5,38.75,84.8,0.4540499999999999,11.85,31.4,0.38085,18.85,24.3,0.77545,11.0,32.8,43.8,26.65,14.1,7.95,4.4,6.7,19.2,21.15,108.2,1.0
1610612746,2024-25,0.61,1.0,0.0,46.25,37.85,82.55,0.4596,12.25,32.9,0.3735,18.45,23.95,0.77685,11.9,31.5,43.4,24.05,15.95,8.05,4.5,5.05,19.55,20.6,106.4,1.0
1610612749,2024-25,0.585,1.0,0.0,46.25,38.75,83.65,0.46245,12.3,35.5,0.3475,15.45,21.95,0.68245,8.65,34.0,42.65,22.3,14.6,7.25,5.3,4.25,18.9,18.25,105.25,1.0
1610612765,2024-25,0.537,1.0,0.0,46.5,38.45,85.2,0.4506,11.3,33.5,0.33605,15.5,20.95,0.7351499999999999,11.65,34.05,45.7,24.1,16.45,6.35,5.65,4.95,19.35,17.7,103.7,1.0
1610612750,2024-25,0.598,1.0,0.0,46.25,38.7,83.55,0.4637,13.5,37.35,0.3545,18.25,23.6,0.7847,10.3,29.55,39.85,23.85,16.0,9.25,4.95,4.9,20.65,21.6,109.15,1.0
1610612753,2024-25,0.5,1.0,0.0,46.01416665,37.25,81.75,0.4589,11.9,36.45,0.3300999999999999,18.5,23.35,0.79915,9.95,30.75,40.7,24.15,15.1,8.75,6.05,3.85,19.6,21.25,104.9,1.0
1610612744,2024-25,0.585,1.0,0.0,45.05,39.75,84.25,0.4713999999999999,13.9,37.6,0.36545,17.15,23.55,0.73725,12.45,34.55,47.0,27.05,15.45,9.05,5.4,5.0,20.9,20.05,110.55,1.0
1610612763,2024-25,0.585,1.0,0.0,44.74,40.5,85.55,0.4733500000000001,10.85,31.6,0.34255,18.6,24.4,0.76,12.3,30.75,43.05,25.8,15.45,9.45,5.55,5.6,22.8,23.1,110.45,1.0
1610612737,2024-25,0.488,0.0,0.0,46.09416665,38.5,85.25,0.4496,12.75,36.85,0.3444,18.9,25.05,0.758,11.55,30.85,42.4,26.4,16.9,9.75,5.6,5.6,20.2,21.0,108.65,1.0
1610612741,2024-25,0.476,0.0,0.0,46.09416665,38.6,86.3,0.4468,14.35,39.35,0.35935,17.4,22.5,0.7712000000000001,9.95,32.9,42.85,25.4,16.1,8.05,4.65,5.75,19.2,18.8,108.95,1.0
1610612758,2024-25,0.488,0.0,0.0,46.75,40.2,83.1,0.4834,11.2,33.0,0.3374499999999999,17.35,21.35,0.8129,8.75,32.3,41.05,23.45,15.25,8.4,4.75,3.6,21.0,19.55,108.95,1.0
1610612742,2024-25,0.476,0.0,0.0,46.0,40.1,85.2,0.4702000000000002,11.45,33.65,0.34065,16.85,22.0,0.76655,10.95,31.7,42.65,23.5,13.75,8.15,5.4,4.75,20.2,18.65,108.5,1.0
1610612748,2024-25,0.451,1.0,0.0,44.77916665,37.9,81.85,0.4661999999999999,13.25,33.6,0.39855,16.85,22.55,0.7494000000000001,9.45,30.05,39.5,24.2,13.35,9.7,4.4,5.4,17.95,20.05,105.9,1.0
1610612756,2024-25,0.439,0.0,0.0,46.5,37.35,82.7,0.4513000000000001,13.95,39.1,0.35705,17.85,23.25,0.77,10.2,31.7,41.9,24.3,14.1,8.2,5.15,4.65,19.3,19.55,106.5,1.0
1610612761,2024-25,0.366,0.0,0.0,46.75,39.4,87.7,0.447,10.2,31.35,0.3248499999999999,16.85,22.7,0.73715,13.05,30.4,43.45,26.05,16.1,7.45,5.65,6.15,22.85,19.5,105.85,1.0
1610612757,2024-25,0.439,0.0,0.0,46.0,36.95,87.45,0.4233999999999999,10.9,34.55,0.31725,16.75,22.25,0.74995,13.25,30.55,43.8,20.85,17.2,9.2,6.75,6.7,19.05,20.65,101.55,1.0
1610612751,2024-25,0.317,0.0,0.0,46.6933333,37.2,82.4,0.4507,14.95,40.6,0.3653,17.35,22.1,0.7921,9.2,28.45,37.65,24.75,14.65,7.65,3.95,5.15,22.7,19.6,106.7,1.0
1610612755,2024-25,0.293,0.0,0.0,45.3,34.7,79.95,0.4350500000000001,10.55,32.7,0.3189,20.35,25.75,0.79125,10.0,28.35,38.35,19.0,14.65,8.75,4.5,5.15,21.45,22.35,100.3,1.0
1610612759,2024-25,0.415,0.0,0.0,44.8,35.2,82.4,0.42415,11.85,35.6,0.3314,15.9,20.85,0.7805500000000001,12.95,31.75,44.7,23.05,16.15,7.35,5.5,5.15,17.1,19.55,98.15,1.0
1610612766,2024-25,0.232,0.0,0.0,45.05,36.4,84.4,0.43245,13.65,40.25,0.3390499999999999,14.25,18.3,0.77115,11.9,32.4,44.3,21.3,15.25,7.7,5.2,4.9,20.4,19.15,100.7,1.0
1610612740,2024-25,0.256,0.0,0.0,46.0,35.6,82.05,0.4361,10.3,30.4,0.3411,16.5,20.85,0.7979999999999998,12.0,29.0,41.0,21.75,16.55,7.6,5.85,5.85,18.35,18.0,98.0,1.0
1610612764,2024-25,0.22,0.0,0.0,46.0,37.05,86.0,0.429,12.4,37.2,0.3308,16.35,21.05,0.7700500000000001,9.65,31.9,41.55,23.3,15.7,8.05,5.85,5.7,21.85,19.3,102.85,1.0
1610612762,2024-25,0.207,0.0,0.0,45.01083335,34.55,79.55,0.4349999999999999,10.85,32.85,0.33175,19.3,25.1,0.7724,11.45,30.6,42.05,21.75,18.95,7.85,5.5,6.4,19.5,22.75,99.25,1.0
